{
  "hostname": "host-edge840-10",
  "name": "host-edge840-10",
  "model": "Edge 840",
  "reference": "Edge 840",
  "version": "4.2.2",
  "lifecycle": {
    "urgency": "CRITICAL",
    "status": "Past EoL — aucun support vendeur",
    "eos_date": "2020-09-29",
    "eol_date": "2025-09-29",
    "is_eos": true,
    "is_eol": true
  },
  "measured": {
    "throughput_mbps": 48,
    "tunnels": 30,
    "flows_per_sec": 2000,
    "concurrent_flows": 50000,
    "nat_entries": 100000,
    "sfp_ports": 1,
    "rj45_ports": 3
  },
  "migration": {
    "target_model": "Edge 710",
    "license": "Enterprise",
    "upgrade_path": "4.2.2 -> 4.5.2 -> 5.0.x -> 5.4.x -> 6.1.x -> 6.4.x",
    "cost": 200,
    "complexity": "Moyenne"
  }
}