{
  "hostname": "host-edge680-02",
  "name": "host-edge680-02",
  "model": "Edge 680",
  "reference": "Edge 680",
  "version": "5.0.0",
  "lifecycle": {
    "urgency": "HIGH",
    "status": "EoS atteint — planifier remplacement",
    "eos_date": "2022-07-29",
    "eol_date": "2027-07-29",
    "is_eos": true,
    "is_eol": false
  },
  "measured": {
    "throughput_mbps": 6,
    "tunnels": 30,
    "flows_per_sec": 2000,
    "concurrent_flows": 50000,
    "nat_entries": 100000,
    "sfp_ports": 0,
    "rj45_ports": 4
  },
  "migration": {
    "target_model": "Edge 710",
    "license": "Enterprise",
    "upgrade_path": "5.0.x -> 5.4.x -> 6.1.x -> 6.4.x",
    "cost": 200,
    "complexity": "Faible"
  }
}