[
  {
    "hostname": "host-edge680-01",
    "name": "host-edge680-01",
    "model": "Edge 680",
    "reference": "Edge 680",
    "version": "5.0.0",
    "lifecycle": {
      "urgency": "HIGH",
      "status": "EoS atteint — planifier remplacement",
      "eos_date": "2022-07-29",
      "eol_date": "2027-07-29",
      "is_eos": true,
      "is_eol": false
    },
    "measured": {
      "throughput_mbps": 5,
      "tunnels": 30,
      "flows_per_sec": 2000,
      "concurrent_flows": 50000,
      "nat_entries": 100000,
      "sfp_ports": 0,
      "rj45_ports": 4
    },
    "migration": {
      "target_model": "Edge 710",
      "license": "Enterprise",
      "upgrade_path": "5.0.x -> 5.4.x -> 6.1.x -> 6.4.x",
      "cost": 200,
      "complexity": "Faible"
    }
  },
  {
    "hostname": "host-edge680-02",
    "name": "host-edge680-02",
    "model": "Edge 680",
    "reference": "Edge 680",
    "version": "5.0.0",
    "lifecycle": {
      "urgency": "HIGH",
      "status": "EoS atteint — planifier remplacement",
      "eos_date": "2022-07-29",
      "eol_date": "2027-07-29",
      "is_eos": true,
      "is_eol": false
    },
    "measured": {
      "throughput_mbps": 6,
      "tunnels": 30,
      "flows_per_sec": 2000,
      "concurrent_flows": 50000,
      "nat_entries": 100000,
      "sfp_ports": 0,
      "rj45_ports": 4
    },
    "migration": {
      "target_model": "Edge 710",
      "license": "Enterprise",
      "upgrade_path": "5.0.x -> 5.4.x -> 6.1.x -> 6.4.x",
      "cost": 200,
      "complexity": "Faible"
    }
  },
  {
    "hostname": "host-edge680-03",
    "name": "host-edge680-03",
    "model": "Edge 680",
    "reference": "Edge 680",
    "version": "5.0.0",
    "lifecycle": {
      "urgency": "HIGH",
      "status": "EoS atteint — planifier remplacement",
      "eos_date": "2022-07-29",
      "eol_date": "2027-07-29",
      "is_eos": true,
      "is_eol": false
    },
    "measured": {
      "throughput_mbps": 7,
      "tunnels": 30,
      "flows_per_sec": 2000,
      "concurrent_flows": 50000,
      "nat_entries": 100000,
      "sfp_ports": 1,
      "rj45_ports": 3
    },
    "migration": {
      "target_model": "Edge 710",
      "license": "Enterprise",
      "upgrade_path": "5.0.x -> 5.4.x -> 6.1.x -> 6.4.x",
      "cost": 200,
      "complexity": "Faible"
    }
  },
  {
    "hostname": "host-edge680-04",
    "name": "host-edge680-04",
    "model": "Edge 680",
    "reference": "Edge 680",
    "version": "5.0.0",
    "lifecycle": {
      "urgency": "HIGH",
      "status": "EoS atteint — planifier remplacement",
      "eos_date": "2022-07-29",
      "eol_date": "2027-07-29",
      "is_eos": true,
      "is_eol": false
    },
    "measured": {
      "throughput_mbps": 4,
      "tunnels": 30,
      "flows_per_sec": 2000,
      "concurrent_flows": 50000,
      "nat_entries": 100000,
      "sfp_ports": 1,
      "rj45_ports": 3
    },
    "migration": {
      "target_model": "Edge 710",
      "license": "Enterprise",
      "upgrade_path": "5.0.x -> 5.4.x -> 6.1.x -> 6.4.x",
      "cost": 200,
      "complexity": "Faible"
    }
  },
  {
    "hostname": "host-edge680-05",
    "name": "host-edge680-05",
    "model": "Edge 680",
    "reference": "Edge 680",
    "version": "5.0.0",
    "lifecycle": {
      "urgency": "HIGH",
      "status": "EoS atteint — planifier remplacement",
      "eos_date": "2022-07-29",
      "eol_date": "2027-07-29",
      "is_eos": true,
      "is_eol": false
    },
    "measured": {
      "throughput_mbps": 5,
      "tunnels": 30,
      "flows_per_sec": 2000,
      "concurrent_flows": 50000,
      "nat_entries": 100000,
      "sfp_ports": 1,
      "rj45_ports": 3
    },
    "migration": {
      "target_model": "Edge 710",
      "license": "Enterprise",
      "upgrade_path": "5.0.x -> 5.4.x -> 6.1.x -> 6.4.x",
      "cost": 200,
      "complexity": "Faible"
    }
  },
  {
    "hostname": "host-edge680-06",
    "name": "host-edge680-06",
    "model": "Edge 680",
    "reference": "Edge 680",
    "version": "5.0.0",
    "lifecycle": {
      "urgency": "HIGH",
      "status": "EoS atteint — planifier remplacement",
      "eos_date": "2022-07-29",
      "eol_date": "2027-07-29",
      "is_eos": true,
      "is_eol": false
    },
    "measured": {
      "throughput_mbps": 34,
      "tunnels": 30,
      "flows_per_sec": 2000,
      "concurrent_flows": 50000,
      "nat_entries": 100000,
      "sfp_ports": 2,
      "rj45_ports": 2
    },
    "migration": {
      "target_model": "Edge 720",
      "license": "Enterprise",
      "upgrade_path": "5.0.x -> 5.4.x -> 6.1.x -> 6.4.x",
      "cost": 350,
      "complexity": "Moyenne"
    }
  },
  {
    "hostname": "host-edge680-07",
    "name": "host-edge680-07",
    "model": "Edge 680",
    "reference": "Edge 680",
    "version": "5.0.0",
    "lifecycle": {
      "urgency": "HIGH",
      "status": "EoS atteint — planifier remplacement",
      "eos_date": "2022-07-29",
      "eol_date": "2027-07-29",
      "is_eos": true,
      "is_eol": false
    },
    "measured": {
      "throughput_mbps": 168,
      "tunnels": 80,
      "flows_per_sec": 2000,
      "concurrent_flows": 50000,
      "nat_entries": 100000,
      "sfp_ports": 2,
      "rj45_ports": 2
    },
    "migration": {
      "target_model": "Edge 720",
      "license": "Enterprise",
      "upgrade_path": "5.0.x -> 5.4.x -> 6.1.x -> 6.4.x",
      "cost": 350,
      "complexity": "Moyenne"
    }
  },
  {
    "hostname": "host-edge680-08",
    "name": "host-edge680-08",
    "model": "Edge 680",
    "reference": "Edge 680",
    "version": "5.0.0",
    "lifecycle": {
      "urgency": "HIGH",
      "status": "EoS atteint — planifier remplacement",
      "eos_date": "2022-07-29",
      "eol_date": "2027-07-29",
      "is_eos": true,
      "is_eol": false
    },
    "measured": {
      "throughput_mbps": 589,
      "tunnels": 450,
      "flows_per_sec": 22000,
      "concurrent_flows": 50000,
      "nat_entries": 100000,
      "sfp_ports": 2,
      "rj45_ports": 2
    },
    "migration": {
      "target_model": "Edge 740",
      "license": "Enterprise",
      "upgrade_path": "5.0.x -> 5.4.x -> 6.1.x -> 6.4.x",
      "cost": 700,
      "complexity": "Elevee"
    }
  },
  {
    "hostname": "host-edge680-09",
    "name": "host-edge680-09",
    "model": "Edge 680",
    "reference": "Edge 680",
    "version": "5.0.0",
    "lifecycle": {
      "urgency": "HIGH",
      "status": "EoS atteint — planifier remplacement",
      "eos_date": "2022-07-29",
      "eol_date": "2027-07-29",
      "is_eos": true,
      "is_eol": false
    },
    "measured": {
      "throughput_mbps": 1284,
      "tunnels": 30,
      "flows_per_sec": 22000,
      "concurrent_flows": 50000,
      "nat_entries": 600000,
      "sfp_ports": 2,
      "rj45_ports": 2
    },
    "migration": {
      "target_model": "Edge 740",
      "license": "Enterprise",
      "upgrade_path": "5.0.x -> 5.4.x -> 6.1.x -> 6.4.x",
      "cost": 700,
      "complexity": "Elevee"
    }
  },
  {
    "hostname": "host-edge680-10",
    "name": "host-edge680-10",
    "model": "Edge 680",
    "reference": "Edge 680",
    "version": "5.0.0",
    "lifecycle": {
      "urgency": "HIGH",
      "status": "EoS atteint — planifier remplacement",
      "eos_date": "2022-07-29",
      "eol_date": "2027-07-29",
      "is_eos": true,
      "is_eol": false
    },
    "measured": {
      "throughput_mbps": 88,
      "tunnels": 30,
      "flows_per_sec": 2000,
      "concurrent_flows": 50000,
      "nat_entries": 100000,
      "sfp_ports": 2,
      "rj45_ports": 2
    },
    "migration": {
      "target_model": "Edge 720",
      "license": "Enterprise",
      "upgrade_path": "5.0.x -> 5.4.x -> 6.1.x -> 6.4.x",
      "cost": 350,
      "complexity": "Moyenne"
    }
  },
  {
    "hostname": "host-edge840-01",
    "name": "host-edge840-01",
    "model": "Edge 840",
    "reference": "Edge 840",
    "version": "4.2.2",
    "lifecycle": {
      "urgency": "CRITICAL",
      "status": "Past EoL — aucun support vendeur",
      "eos_date": "2020-09-29",
      "eol_date": "2025-09-29",
      "is_eos": true,
      "is_eol": true
    },
    "measured": {
      "throughput_mbps": 8,
      "tunnels": 30,
      "flows_per_sec": 2000,
      "concurrent_flows": 50000,
      "nat_entries": 100000,
      "sfp_ports": 1,
      "rj45_ports": 3
    },
    "migration": {
      "target_model": "Edge 710",
      "license": "Enterprise",
      "upgrade_path": "4.2.2 -> 4.5.2 -> 5.0.x -> 5.4.x -> 6.1.x -> 6.4.x",
      "cost": 200,
      "complexity": "Moyenne"
    }
  },
  {
    "hostname": "host-edge840-02",
    "name": "host-edge840-02",
    "model": "Edge 840",
    "reference": "Edge 840",
    "version": "4.2.2",
    "lifecycle": {
      "urgency": "CRITICAL",
      "status": "Past EoL — aucun support vendeur",
      "eos_date": "2020-09-29",
      "eol_date": "2025-09-29",
      "is_eos": true,
      "is_eol": true
    },
    "measured": {
      "throughput_mbps": 6,
      "tunnels": 30,
      "flows_per_sec": 2000,
      "concurrent_flows": 50000,
      "nat_entries": 100000,
      "sfp_ports": 1,
      "rj45_ports": 3
    },
    "migration": {
      "target_model": "Edge 710",
      "license": "Enterprise",
      "upgrade_path": "4.2.2 -> 4.5.2 -> 5.0.x -> 5.4.x -> 6.1.x -> 6.4.x",
      "cost": 200,
      "complexity": "Moyenne"
    }
  },
  {
    "hostname": "host-edge840-03",
    "name": "host-edge840-03",
    "model": "Edge 840",
    "reference": "Edge 840",
    "version": "4.2.2",
    "lifecycle": {
      "urgency": "CRITICAL",
      "status": "Past EoL — aucun support vendeur",
      "eos_date": "2020-09-29",
      "eol_date": "2025-09-29",
      "is_eos": true,
      "is_eol": true
    },
    "measured": {
      "throughput_mbps": 67,
      "tunnels": 30,
      "flows_per_sec": 2000,
      "concurrent_flows": 50000,
      "nat_entries": 100000,
      "sfp_ports": 1,
      "rj45_ports": 3
    },
    "migration": {
      "target_model": "Edge 710",
      "license": "Enterprise",
      "upgrade_path": "4.2.2 -> 4.5.2 -> 5.0.x -> 5.4.x -> 6.1.x -> 6.4.x",
      "cost": 200,
      "complexity": "Moyenne"
    }
  },
  {
    "hostname": "host-edge840-04",
    "name": "host-edge840-04",
    "model": "Edge 840",
    "reference": "Edge 840",
    "version": "4.2.2",
    "lifecycle": {
      "urgency": "CRITICAL",
      "status": "Past EoL — aucun support vendeur",
      "eos_date": "2020-09-29",
      "eol_date": "2025-09-29",
      "is_eos": true,
      "is_eol": true
    },
    "measured": {
      "throughput_mbps": 74,
      "tunnels": 30,
      "flows_per_sec": 2000,
      "concurrent_flows": 50000,
      "nat_entries": 100000,
      "sfp_ports": 1,
      "rj45_ports": 3
    },
    "migration": {
      "target_model": "Edge 710",
      "license": "Enterprise",
      "upgrade_path": "4.2.2 -> 4.5.2 -> 5.0.x -> 5.4.x -> 6.1.x -> 6.4.x",
      "cost": 200,
      "complexity": "Moyenne"
    }
  },
  {
    "hostname": "host-edge840-05",
    "name": "host-edge840-05",
    "model": "Edge 840",
    "reference": "Edge 840",
    "version": "4.2.2",
    "lifecycle": {
      "urgency": "CRITICAL",
      "status": "Past EoL — aucun support vendeur",
      "eos_date": "2020-09-29",
      "eol_date": "2025-09-29",
      "is_eos": true,
      "is_eol": true
    },
    "measured": {
      "throughput_mbps": 109,
      "tunnels": 30,
      "flows_per_sec": 2000,
      "concurrent_flows": 50000,
      "nat_entries": 100000,
      "sfp_ports": 1,
      "rj45_ports": 3
    },
    "migration": {
      "target_model": "Edge 710",
      "license": "Enterprise",
      "upgrade_path": "4.2.2 -> 4.5.2 -> 5.0.x -> 5.4.x -> 6.1.x -> 6.4.x",
      "cost": 200,
      "complexity": "Moyenne"
    }
  },
  {
    "hostname": "host-edge840-06",
    "name": "host-edge840-06",
    "model": "Edge 840",
    "reference": "Edge 840",
    "version": "4.2.2",
    "lifecycle": {
      "urgency": "CRITICAL",
      "status": "Past EoL — aucun support vendeur",
      "eos_date": "2020-09-29",
      "eol_date": "2025-09-29",
      "is_eos": true,
      "is_eol": true
    },
    "measured": {
      "throughput_mbps": 80,
      "tunnels": 30,
      "flows_per_sec": 2000,
      "concurrent_flows": 50000,
      "nat_entries": 100000,
      "sfp_ports": 2,
      "rj45_ports": 2
    },
    "migration": {
      "target_model": "Edge 720",
      "license": "Enterprise",
      "upgrade_path": "4.2.2 -> 4.5.2 -> 5.0.x -> 5.4.x -> 6.1.x -> 6.4.x",
      "cost": 350,
      "complexity": "Moyenne"
    }
  },
  {
    "hostname": "host-edge840-07",
    "name": "host-edge840-07",
    "model": "Edge 840",
    "reference": "Edge 840",
    "version": "4.2.2",
    "lifecycle": {
      "urgency": "CRITICAL",
      "status": "Past EoL — aucun support vendeur",
      "eos_date": "2020-09-29",
      "eol_date": "2025-09-29",
      "is_eos": true,
      "is_eol": true
    },
    "measured": {
      "throughput_mbps": 154,
      "tunnels": 30,
      "flows_per_sec": 2000,
      "concurrent_flows": 50000,
      "nat_entries": 100000,
      "sfp_ports": 2,
      "rj45_ports": 2
    },
    "migration": {
      "target_model": "Edge 720",
      "license": "Enterprise",
      "upgrade_path": "4.2.2 -> 4.5.2 -> 5.0.x -> 5.4.x -> 6.1.x -> 6.4.x",
      "cost": 350,
      "complexity": "Moyenne"
    }
  },
  {
    "hostname": "host-edge840-08",
    "name": "host-edge840-08",
    "model": "Edge 840",
    "reference": "Edge 840",
    "version": "4.2.2",
    "lifecycle": {
      "urgency": "CRITICAL",
      "status": "Past EoL — aucun support vendeur",
      "eos_date": "2020-09-29",
      "eol_date": "2025-09-29",
      "is_eos": true,
      "is_eol": true
    },
    "measured": {
      "throughput_mbps": 40,
      "tunnels": 30,
      "flows_per_sec": 2000,
      "concurrent_flows": 50000,
      "nat_entries": 100000,
      "sfp_ports": 1,
      "rj45_ports": 3
    },
    "migration": {
      "target_model": "Edge 710",
      "license": "Enterprise",
      "upgrade_path": "4.2.2 -> 4.5.2 -> 5.0.x -> 5.4.x -> 6.1.x -> 6.4.x",
      "cost": 200,
      "complexity": "Moyenne"
    }
  },
  {
    "hostname": "host-edge840-09",
    "name": "host-edge840-09",
    "model": "Edge 840",
    "reference": "Edge 840",
    "version": "4.2.2",
    "lifecycle": {
      "urgency": "CRITICAL",
      "status": "Past EoL — aucun support vendeur",
      "eos_date": "2020-09-29",
      "eol_date": "2025-09-29",
      "is_eos": true,
      "is_eol": true
    },
    "measured": {
      "throughput_mbps": 34,
      "tunnels": 30,
      "flows_per_sec": 2000,
      "concurrent_flows": 50000,
      "nat_entries": 100000,
      "sfp_ports": 1,
      "rj45_ports": 3
    },
    "migration": {
      "target_model": "Edge 710",
      "license": "Enterprise",
      "upgrade_path": "4.2.2 -> 4.5.2 -> 5.0.x -> 5.4.x -> 6.1.x -> 6.4.x",
      "cost": 200,
      "complexity": "Moyenne"
    }
  },
  {
    "hostname": "host-edge840-10",
    "name": "host-edge840-10",
    "model": "Edge 840",
    "reference": "Edge 840",
    "version": "4.2.2",
    "lifecycle": {
      "urgency": "CRITICAL",
      "status": "Past EoL — aucun support vendeur",
      "eos_date": "2020-09-29",
      "eol_date": "2025-09-29",
      "is_eos": true,
      "is_eol": true
    },
    "measured": {
      "throughput_mbps": 48,
      "tunnels": 30,
      "flows_per_sec": 2000,
      "concurrent_flows": 50000,
      "nat_entries": 100000,
      "sfp_ports": 1,
      "rj45_ports": 3
    },
    "migration": {
      "target_model": "Edge 710",
      "license": "Enterprise",
      "upgrade_path": "4.2.2 -> 4.5.2 -> 5.0.x -> 5.4.x -> 6.1.x -> 6.4.x",
      "cost": 200,
      "complexity": "Moyenne"
    }
  },
  {
    "hostname": "host-edge840-11",
    "name": "host-edge840-11",
    "model": "Edge 840",
    "reference": "Edge 840",
    "version": "4.2.2",
    "lifecycle": {
      "urgency": "CRITICAL",
      "status": "Past EoL — aucun support vendeur",
      "eos_date": "2020-09-29",
      "eol_date": "2025-09-29",
      "is_eos": true,
      "is_eol": true
    },
    "measured": {
      "throughput_mbps": 840,
      "tunnels": 30,
      "flows_per_sec": 2000,
      "concurrent_flows": 50000,
      "nat_entries": 100000,
      "sfp_ports": 2,
      "rj45_ports": 2
    },
    "migration": {
      "target_model": "Edge 720",
      "license": "Enterprise",
      "upgrade_path": "4.2.2 -> 4.5.2 -> 5.0.x -> 5.4.x -> 6.1.x -> 6.4.x",
      "cost": 350,
      "complexity": "Moyenne"
    }
  },
  {
    "hostname": "host-edge840-12",
    "name": "host-edge840-12",
    "model": "Edge 840",
    "reference": "Edge 840",
    "version": "4.2.2",
    "lifecycle": {
      "urgency": "CRITICAL",
      "status": "Past EoL — aucun support vendeur",
      "eos_date": "2020-09-29",
      "eol_date": "2025-09-29",
      "is_eos": true,
      "is_eol": true
    },
    "measured": {
      "throughput_mbps": 40,
      "tunnels": 30,
      "flows_per_sec": 2000,
      "concurrent_flows": 50000,
      "nat_entries": 100000,
      "sfp_ports": 0,
      "rj45_ports": 4
    },
    "migration": {
      "target_model": "Edge 710",
      "license": "Enterprise",
      "upgrade_path": "4.2.2 -> 4.5.2 -> 5.0.x -> 5.4.x -> 6.1.x -> 6.4.x",
      "cost": 200,
      "complexity": "Moyenne"
    }
  },
  {
    "hostname": "host-edge840-13",
    "name": "host-edge840-13",
    "model": "Edge 840",
    "reference": "Edge 840",
    "version": "4.2.2",
    "lifecycle": {
      "urgency": "CRITICAL",
      "status": "Past EoL — aucun support vendeur",
      "eos_date": "2020-09-29",
      "eol_date": "2025-09-29",
      "is_eos": true,
      "is_eol": true
    },
    "measured": {
      "throughput_mbps": 30,
      "tunnels": 30,
      "flows_per_sec": 2000,
      "concurrent_flows": 50000,
      "nat_entries": 100000,
      "sfp_ports": 0,
      "rj45_ports": 4
    },
    "migration": {
      "target_model": "Edge 710",
      "license": "Enterprise",
      "upgrade_path": "4.2.2 -> 4.5.2 -> 5.0.x -> 5.4.x -> 6.1.x -> 6.4.x",
      "cost": 200,
      "complexity": "Moyenne"
    }
  },
  {
    "hostname": "host-edge840-14",
    "name": "host-edge840-14",
    "model": "Edge 840",
    "reference": "Edge 840",
    "version": "4.2.2",
    "lifecycle": {
      "urgency": "CRITICAL",
      "status": "Past EoL — aucun support vendeur",
      "eos_date": "2020-09-29",
      "eol_date": "2025-09-29",
      "is_eos": true,
      "is_eol": true
    },
    "measured": {
      "throughput_mbps": 1430,
      "tunnels": 60,
      "flows_per_sec": 21000,
      "concurrent_flows": 50000,
      "nat_entries": 100000,
      "sfp_ports": 2,
      "rj45_ports": 2
    },
    "migration": {
      "target_model": "Edge 740",
      "license": "Enterprise",
      "upgrade_path": "4.2.2 -> 4.5.2 -> 5.0.x -> 5.4.x -> 6.1.x -> 6.4.x",
      "cost": 700,
      "complexity": "Elevee"
    }
  },
  {
    "hostname": "host-edge840-15",
    "name": "host-edge840-15",
    "model": "Edge 840",
    "reference": "Edge 840",
    "version": "4.2.2",
    "lifecycle": {
      "urgency": "CRITICAL",
      "status": "Past EoL — aucun support vendeur",
      "eos_date": "2020-09-29",
      "eol_date": "2025-09-29",
      "is_eos": true,
      "is_eol": true
    },
    "measured": {
      "throughput_mbps": 88,
      "tunnels": 80,
      "flows_per_sec": 2000,
      "concurrent_flows": 50000,
      "nat_entries": 100000,
      "sfp_ports": 1,
      "rj45_ports": 3
    },
    "migration": {
      "target_model": "Edge 720",
      "license": "Enterprise",
      "upgrade_path": "4.2.2 -> 4.5.2 -> 5.0.x -> 5.4.x -> 6.1.x -> 6.4.x",
      "cost": 350,
      "complexity": "Moyenne"
    }
  },
  {
    "hostname": "host-edge840-16",
    "name": "host-edge840-16",
    "model": "Edge 840",
    "reference": "Edge 840",
    "version": "4.2.2",
    "lifecycle": {
      "urgency": "CRITICAL",
      "status": "Past EoL — aucun support vendeur",
      "eos_date": "2020-09-29",
      "eol_date": "2025-09-29",
      "is_eos": true,
      "is_eol": true
    },
    "measured": {
      "throughput_mbps": 184,
      "tunnels": 80,
      "flows_per_sec": 2000,
      "concurrent_flows": 50000,
      "nat_entries": 100000,
      "sfp_ports": 1,
      "rj45_ports": 3
    },
    "migration": {
      "target_model": "Edge 720",
      "license": "Enterprise",
      "upgrade_path": "4.2.2 -> 4.5.2 -> 5.0.x -> 5.4.x -> 6.1.x -> 6.4.x",
      "cost": 350,
      "complexity": "Moyenne"
    }
  },
  {
    "hostname": "host-edge840-17",
    "name": "host-edge840-17",
    "model": "Edge 840",
    "reference": "Edge 840",
    "version": "4.2.2",
    "lifecycle": {
      "urgency": "CRITICAL",
      "status": "Past EoL — aucun support vendeur",
      "eos_date": "2020-09-29",
      "eol_date": "2025-09-29",
      "is_eos": true,
      "is_eol": true
    },
    "measured": {
      "throughput_mbps": 1059,
      "tunnels": 80,
      "flows_per_sec": 19000,
      "concurrent_flows": 480000,
      "nat_entries": 100000,
      "sfp_ports": 2,
      "rj45_ports": 2
    },
    "migration": {
      "target_model": "Edge 740",
      "license": "Enterprise",
      "upgrade_path": "4.2.2 -> 4.5.2 -> 5.0.x -> 5.4.x -> 6.1.x -> 6.4.x",
      "cost": 700,
      "complexity": "Elevee"
    }
  },
  {
    "hostname": "host-edge840-18",
    "name": "host-edge840-18",
    "model": "Edge 840",
    "reference": "Edge 840",
    "version": "4.2.2",
    "lifecycle": {
      "urgency": "CRITICAL",
      "status": "Past EoL — aucun support vendeur",
      "eos_date": "2020-09-29",
      "eol_date": "2025-09-29",
      "is_eos": true,
      "is_eol": true
    },
    "measured": {
      "throughput_mbps": 44,
      "tunnels": 30,
      "flows_per_sec": 2000,
      "concurrent_flows": 50000,
      "nat_entries": 100000,
      "sfp_ports": 1,
      "rj45_ports": 3
    },
    "migration": {
      "target_model": "Edge 710",
      "license": "Enterprise",
      "upgrade_path": "4.2.2 -> 4.5.2 -> 5.0.x -> 5.4.x -> 6.1.x -> 6.4.x",
      "cost": 200,
      "complexity": "Moyenne"
    }
  },
  {
    "hostname": "host-edge840-19",
    "name": "host-edge840-19",
    "model": "Edge 840",
    "reference": "Edge 840",
    "version": "4.2.2",
    "lifecycle": {
      "urgency": "CRITICAL",
      "status": "Past EoL — aucun support vendeur",
      "eos_date": "2020-09-29",
      "eol_date": "2025-09-29",
      "is_eos": true,
      "is_eol": true
    },
    "measured": {
      "throughput_mbps": 38,
      "tunnels": 30,
      "flows_per_sec": 2000,
      "concurrent_flows": 50000,
      "nat_entries": 100000,
      "sfp_ports": 1,
      "rj45_ports": 3
    },
    "migration": {
      "target_model": "Edge 710",
      "license": "Enterprise",
      "upgrade_path": "4.2.2 -> 4.5.2 -> 5.0.x -> 5.4.x -> 6.1.x -> 6.4.x",
      "cost": 200,
      "complexity": "Moyenne"
    }
  },
  {
    "hostname": "host-edge840-20",
    "name": "host-edge840-20",
    "model": "Edge 840",
    "reference": "Edge 840",
    "version": "4.2.2",
    "lifecycle": {
      "urgency": "CRITICAL",
      "status": "Past EoL — aucun support vendeur",
      "eos_date": "2020-09-29",
      "eol_date": "2025-09-29",
      "is_eos": true,
      "is_eol": true
    },
    "measured": {
      "throughput_mbps": 39,
      "tunnels": 30,
      "flows_per_sec": 2000,
      "concurrent_flows": 50000,
      "nat_entries": 100000,
      "sfp_ports": 1,
      "rj45_ports": 3
    },
    "migration": {
      "target_model": "Edge 710",
      "license": "Enterprise",
      "upgrade_path": "4.2.2 -> 4.5.2 -> 5.0.x -> 5.4.x -> 6.1.x -> 6.4.x",
      "cost": 200,
      "complexity": "Moyenne"
    }
  },
  {
    "hostname": "host-edge840-21",
    "name": "host-edge840-21",
    "model": "Edge 840",
    "reference": "Edge 840",
    "version": "4.2.2",
    "lifecycle": {
      "urgency": "CRITICAL",
      "status": "Past EoL — aucun support vendeur",
      "eos_date": "2020-09-29",
      "eol_date": "2025-09-29",
      "is_eos": true,
      "is_eol": true
    },
    "measured": {
      "throughput_mbps": 59,
      "tunnels": 30,
      "flows_per_sec": 2000,
      "concurrent_flows": 50000,
      "nat_entries": 100000,
      "sfp_ports": 0,
      "rj45_ports": 4
    },
    "migration": {
      "target_model": "Edge 710",
      "license": "Enterprise",
      "upgrade_path": "4.2.2 -> 4.5.2 -> 5.0.x -> 5.4.x -> 6.1.x -> 6.4.x",
      "cost": 200,
      "complexity": "Moyenne"
    }
  },
  {
    "hostname": "host-edge840-22",
    "name": "host-edge840-22",
    "model": "Edge 840",
    "reference": "Edge 840",
    "version": "4.2.2",
    "lifecycle": {
      "urgency": "CRITICAL",
      "status": "Past EoL — aucun support vendeur",
      "eos_date": "2020-09-29",
      "eol_date": "2025-09-29",
      "is_eos": true,
      "is_eol": true
    },
    "measured": {
      "throughput_mbps": 289,
      "tunnels": 30,
      "flows_per_sec": 2000,
      "concurrent_flows": 50000,
      "nat_entries": 100000,
      "sfp_ports": 2,
      "rj45_ports": 2
    },
    "migration": {
      "target_model": "Edge 720",
      "license": "Enterprise",
      "upgrade_path": "4.2.2 -> 4.5.2 -> 5.0.x -> 5.4.x -> 6.1.x -> 6.4.x",
      "cost": 350,
      "complexity": "Moyenne"
    }
  },
  {
    "hostname": "host-edge840-23",
    "name": "host-edge840-23",
    "model": "Edge 840",
    "reference": "Edge 840",
    "version": "4.2.2",
    "lifecycle": {
      "urgency": "CRITICAL",
      "status": "Past EoL — aucun support vendeur",
      "eos_date": "2020-09-29",
      "eol_date": "2025-09-29",
      "is_eos": true,
      "is_eol": true
    },
    "measured": {
      "throughput_mbps": 35,
      "tunnels": 30,
      "flows_per_sec": 2000,
      "concurrent_flows": 50000,
      "nat_entries": 100000,
      "sfp_ports": 1,
      "rj45_ports": 3
    },
    "migration": {
      "target_model": "Edge 710",
      "license": "Enterprise",
      "upgrade_path": "4.2.2 -> 4.5.2 -> 5.0.x -> 5.4.x -> 6.1.x -> 6.4.x",
      "cost": 200,
      "complexity": "Moyenne"
    }
  },
  {
    "hostname": "host-edge840-24",
    "name": "host-edge840-24",
    "model": "Edge 840",
    "reference": "Edge 840",
    "version": "4.2.2",
    "lifecycle": {
      "urgency": "CRITICAL",
      "status": "Past EoL — aucun support vendeur",
      "eos_date": "2020-09-29",
      "eol_date": "2025-09-29",
      "is_eos": true,
      "is_eol": true
    },
    "measured": {
      "throughput_mbps": 44,
      "tunnels": 30,
      "flows_per_sec": 2000,
      "concurrent_flows": 50000,
      "nat_entries": 100000,
      "sfp_ports": 1,
      "rj45_ports": 3
    },
    "migration": {
      "target_model": "Edge 710",
      "license": "Enterprise",
      "upgrade_path": "4.2.2 -> 4.5.2 -> 5.0.x -> 5.4.x -> 6.1.x -> 6.4.x",
      "cost": 200,
      "complexity": "Moyenne"
    }
  },
  {
    "hostname": "host-edge840-25",
    "name": "host-edge840-25",
    "model": "Edge 840",
    "reference": "Edge 840",
    "version": "4.2.2",
    "lifecycle": {
      "urgency": "CRITICAL",
      "status": "Past EoL — aucun support vendeur",
      "eos_date": "2020-09-29",
      "eol_date": "2025-09-29",
      "is_eos": true,
      "is_eol": true
    },
    "measured": {
      "throughput_mbps": 9,
      "tunnels": 30,
      "flows_per_sec": 2000,
      "concurrent_flows": 50000,
      "nat_entries": 100000,
      "sfp_ports": 1,
      "rj45_ports": 3
    },
    "migration": {
      "target_model": "Edge 710",
      "license": "Enterprise",
      "upgrade_path": "4.2.2 -> 4.5.2 -> 5.0.x -> 5.4.x -> 6.1.x -> 6.4.x",
      "cost": 200,
      "complexity": "Moyenne"
    }
  },
  {
    "hostname": "host-edge840-26",
    "name": "host-edge840-26",
    "model": "Edge 840",
    "reference": "Edge 840",
    "version": "4.2.2",
    "lifecycle": {
      "urgency": "CRITICAL",
      "status": "Past EoL — aucun support vendeur",
      "eos_date": "2020-09-29",
      "eol_date": "2025-09-29",
      "is_eos": true,
      "is_eol": true
    },
    "measured": {
      "throughput_mbps": 79,
      "tunnels": 30,
      "flows_per_sec": 2000,
      "concurrent_flows": 50000,
      "nat_entries": 100000,
      "sfp_ports": 1,
      "rj45_ports": 3
    },
    "migration": {
      "target_model": "Edge 710",
      "license": "Enterprise",
      "upgrade_path": "4.2.2 -> 4.5.2 -> 5.0.x -> 5.4.x -> 6.1.x -> 6.4.x",
      "cost": 200,
      "complexity": "Moyenne"
    }
  },
  {
    "hostname": "host-edge840-27",
    "name": "host-edge840-27",
    "model": "Edge 840",
    "reference": "Edge 840",
    "version": "4.2.2",
    "lifecycle": {
      "urgency": "CRITICAL",
      "status": "Past EoL — aucun support vendeur",
      "eos_date": "2020-09-29",
      "eol_date": "2025-09-29",
      "is_eos": true,
      "is_eol": true
    },
    "measured": {
      "throughput_mbps": 77,
      "tunnels": 30,
      "flows_per_sec": 2000,
      "concurrent_flows": 50000,
      "nat_entries": 100000,
      "sfp_ports": 1,
      "rj45_ports": 3
    },
    "migration": {
      "target_model": "Edge 710",
      "license": "Enterprise",
      "upgrade_path": "4.2.2 -> 4.5.2 -> 5.0.x -> 5.4.x -> 6.1.x -> 6.4.x",
      "cost": 200,
      "complexity": "Moyenne"
    }
  },
  {
    "hostname": "host-edge840-28",
    "name": "host-edge840-28",
    "model": "Edge 840",
    "reference": "Edge 840",
    "version": "4.2.2",
    "lifecycle": {
      "urgency": "CRITICAL",
      "status": "Past EoL — aucun support vendeur",
      "eos_date": "2020-09-29",
      "eol_date": "2025-09-29",
      "is_eos": true,
      "is_eol": true
    },
    "measured": {
      "throughput_mbps": 41,
      "tunnels": 30,
      "flows_per_sec": 2000,
      "concurrent_flows": 50000,
      "nat_entries": 100000,
      "sfp_ports": 2,
      "rj45_ports": 2
    },
    "migration": {
      "target_model": "Edge 720",
      "license": "Enterprise",
      "upgrade_path": "4.2.2 -> 4.5.2 -> 5.0.x -> 5.4.x -> 6.1.x -> 6.4.x",
      "cost": 350,
      "complexity": "Moyenne"
    }
  },
  {
    "hostname": "host-edge840-29",
    "name": "host-edge840-29",
    "model": "Edge 840",
    "reference": "Edge 840",
    "version": "4.2.2",
    "lifecycle": {
      "urgency": "CRITICAL",
      "status": "Past EoL — aucun support vendeur",
      "eos_date": "2020-09-29",
      "eol_date": "2025-09-29",
      "is_eos": true,
      "is_eol": true
    },
    "measured": {
      "throughput_mbps": 83,
      "tunnels": 30,
      "flows_per_sec": 2000,
      "concurrent_flows": 50000,
      "nat_entries": 100000,
      "sfp_ports": 1,
      "rj45_ports": 3
    },
    "migration": {
      "target_model": "Edge 710",
      "license": "Enterprise",
      "upgrade_path": "4.2.2 -> 4.5.2 -> 5.0.x -> 5.4.x -> 6.1.x -> 6.4.x",
      "cost": 200,
      "complexity": "Moyenne"
    }
  },
  {
    "hostname": "host-edge840-30",
    "name": "host-edge840-30",
    "model": "Edge 840",
    "reference": "Edge 840",
    "version": "4.2.2",
    "lifecycle": {
      "urgency": "CRITICAL",
      "status": "Past EoL — aucun support vendeur",
      "eos_date": "2020-09-29",
      "eol_date": "2025-09-29",
      "is_eos": true,
      "is_eol": true
    },
    "measured": {
      "throughput_mbps": 40,
      "tunnels": 30,
      "flows_per_sec": 2000,
      "concurrent_flows": 50000,
      "nat_entries": 100000,
      "sfp_ports": 0,
      "rj45_ports": 4
    },
    "migration": {
      "target_model": "Edge 710",
      "license": "Enterprise",
      "upgrade_path": "4.2.2 -> 4.5.2 -> 5.0.x -> 5.4.x -> 6.1.x -> 6.4.x",
      "cost": 200,
      "complexity": "Moyenne"
    }
  },
  {
    "hostname": "host-edge840-31",
    "name": "host-edge840-31",
    "model": "Edge 840",
    "reference": "Edge 840",
    "version": "4.2.2",
    "lifecycle": {
      "urgency": "CRITICAL",
      "status": "Past EoL — aucun support vendeur",
      "eos_date": "2020-09-29",
      "eol_date": "2025-09-29",
      "is_eos": true,
      "is_eol": true
    },
    "measured": {
      "throughput_mbps": 38,
      "tunnels": 30,
      "flows_per_sec": 2000,
      "concurrent_flows": 50000,
      "nat_entries": 100000,
      "sfp_ports": 1,
      "rj45_ports": 3
    },
    "migration": {
      "target_model": "Edge 710",
      "license": "Enterprise",
      "upgrade_path": "4.2.2 -> 4.5.2 -> 5.0.x -> 5.4.x -> 6.1.x -> 6.4.x",
      "cost": 200,
      "complexity": "Moyenne"
    }
  },
  {
    "hostname": "host-edge840-32",
    "name": "host-edge840-32",
    "model": "Edge 840",
    "reference": "Edge 840",
    "version": "4.2.2",
    "lifecycle": {
      "urgency": "CRITICAL",
      "status": "Past EoL — aucun support vendeur",
      "eos_date": "2020-09-29",
      "eol_date": "2025-09-29",
      "is_eos": true,
      "is_eol": true
    },
    "measured": {
      "throughput_mbps": 34,
      "tunnels": 30,
      "flows_per_sec": 2000,
      "concurrent_flows": 50000,
      "nat_entries": 100000,
      "sfp_ports": 1,
      "rj45_ports": 3
    },
    "migration": {
      "target_model": "Edge 710",
      "license": "Enterprise",
      "upgrade_path": "4.2.2 -> 4.5.2 -> 5.0.x -> 5.4.x -> 6.1.x -> 6.4.x",
      "cost": 200,
      "complexity": "Moyenne"
    }
  },
  {
    "hostname": "host-edge840-33",
    "name": "host-edge840-33",
    "model": "Edge 840",
    "reference": "Edge 840",
    "version": "4.2.2",
    "lifecycle": {
      "urgency": "CRITICAL",
      "status": "Past EoL — aucun support vendeur",
      "eos_date": "2020-09-29",
      "eol_date": "2025-09-29",
      "is_eos": true,
      "is_eol": true
    },
    "measured": {
      "throughput_mbps": 36,
      "tunnels": 30,
      "flows_per_sec": 2000,
      "concurrent_flows": 50000,
      "nat_entries": 100000,
      "sfp_ports": 1,
      "rj45_ports": 3
    },
    "migration": {
      "target_model": "Edge 710",
      "license": "Enterprise",
      "upgrade_path": "4.2.2 -> 4.5.2 -> 5.0.x -> 5.4.x -> 6.1.x -> 6.4.x",
      "cost": 200,
      "complexity": "Moyenne"
    }
  },
  {
    "hostname": "host-edge840-34",
    "name": "host-edge840-34",
    "model": "Edge 840",
    "reference": "Edge 840",
    "version": "4.2.2",
    "lifecycle": {
      "urgency": "CRITICAL",
      "status": "Past EoL — aucun support vendeur",
      "eos_date": "2020-09-29",
      "eol_date": "2025-09-29",
      "is_eos": true,
      "is_eol": true
    },
    "measured": {
      "throughput_mbps": 40,
      "tunnels": 30,
      "flows_per_sec": 2000,
      "concurrent_flows": 50000,
      "nat_entries": 100000,
      "sfp_ports": 2,
      "rj45_ports": 2
    },
    "migration": {
      "target_model": "Edge 720",
      "license": "Enterprise",
      "upgrade_path": "4.2.2 -> 4.5.2 -> 5.0.x -> 5.4.x -> 6.1.x -> 6.4.x",
      "cost": 350,
      "complexity": "Moyenne"
    }
  },
  {
    "hostname": "host-edge840-35",
    "name": "host-edge840-35",
    "model": "Edge 840",
    "reference": "Edge 840",
    "version": "4.2.2",
    "lifecycle": {
      "urgency": "CRITICAL",
      "status": "Past EoL — aucun support vendeur",
      "eos_date": "2020-09-29",
      "eol_date": "2025-09-29",
      "is_eos": true,
      "is_eol": true
    },
    "measured": {
      "throughput_mbps": 46,
      "tunnels": 30,
      "flows_per_sec": 2000,
      "concurrent_flows": 50000,
      "nat_entries": 100000,
      "sfp_ports": 2,
      "rj45_ports": 2
    },
    "migration": {
      "target_model": "Edge 720",
      "license": "Enterprise",
      "upgrade_path": "4.2.2 -> 4.5.2 -> 5.0.x -> 5.4.x -> 6.1.x -> 6.4.x",
      "cost": 350,
      "complexity": "Moyenne"
    }
  },
  {
    "hostname": "host-edge840-36",
    "name": "host-edge840-36",
    "model": "Edge 840",
    "reference": "Edge 840",
    "version": "4.2.2",
    "lifecycle": {
      "urgency": "CRITICAL",
      "status": "Past EoL — aucun support vendeur",
      "eos_date": "2020-09-29",
      "eol_date": "2025-09-29",
      "is_eos": true,
      "is_eol": true
    },
    "measured": {
      "throughput_mbps": 44,
      "tunnels": 30,
      "flows_per_sec": 2000,
      "concurrent_flows": 50000,
      "nat_entries": 100000,
      "sfp_ports": 1,
      "rj45_ports": 3
    },
    "migration": {
      "target_model": "Edge 710",
      "license": "Enterprise",
      "upgrade_path": "4.2.2 -> 4.5.2 -> 5.0.x -> 5.4.x -> 6.1.x -> 6.4.x",
      "cost": 200,
      "complexity": "Moyenne"
    }
  },
  {
    "hostname": "host-edge840-37",
    "name": "host-edge840-37",
    "model": "Edge 840",
    "reference": "Edge 840",
    "version": "4.2.2",
    "lifecycle": {
      "urgency": "CRITICAL",
      "status": "Past EoL — aucun support vendeur",
      "eos_date": "2020-09-29",
      "eol_date": "2025-09-29",
      "is_eos": true,
      "is_eol": true
    },
    "measured": {
      "throughput_mbps": 34,
      "tunnels": 30,
      "flows_per_sec": 2000,
      "concurrent_flows": 50000,
      "nat_entries": 100000,
      "sfp_ports": 1,
      "rj45_ports": 3
    },
    "migration": {
      "target_model": "Edge 710",
      "license": "Enterprise",
      "upgrade_path": "4.2.2 -> 4.5.2 -> 5.0.x -> 5.4.x -> 6.1.x -> 6.4.x",
      "cost": 200,
      "complexity": "Moyenne"
    }
  },
  {
    "hostname": "host-edge840-38",
    "name": "host-edge840-38",
    "model": "Edge 840",
    "reference": "Edge 840",
    "version": "4.2.2",
    "lifecycle": {
      "urgency": "CRITICAL",
      "status": "Past EoL — aucun support vendeur",
      "eos_date": "2020-09-29",
      "eol_date": "2025-09-29",
      "is_eos": true,
      "is_eol": true
    },
    "measured": {
      "throughput_mbps": 39,
      "tunnels": 30,
      "flows_per_sec": 2000,
      "concurrent_flows": 50000,
      "nat_entries": 100000,
      "sfp_ports": 1,
      "rj45_ports": 3
    },
    "migration": {
      "target_model": "Edge 710",
      "license": "Enterprise",
      "upgrade_path": "4.2.2 -> 4.5.2 -> 5.0.x -> 5.4.x -> 6.1.x -> 6.4.x",
      "cost": 200,
      "complexity": "Moyenne"
    }
  },
  {
    "hostname": "host-edge840-39",
    "name": "host-edge840-39",
    "model": "Edge 840",
    "reference": "Edge 840",
    "version": "4.2.2",
    "lifecycle": {
      "urgency": "CRITICAL",
      "status": "Past EoL — aucun support vendeur",
      "eos_date": "2020-09-29",
      "eol_date": "2025-09-29",
      "is_eos": true,
      "is_eol": true
    },
    "measured": {
      "throughput_mbps": 33,
      "tunnels": 30,
      "flows_per_sec": 2000,
      "concurrent_flows": 50000,
      "nat_entries": 100000,
      "sfp_ports": 2,
      "rj45_ports": 2
    },
    "migration": {
      "target_model": "Edge 720",
      "license": "Enterprise",
      "upgrade_path": "4.2.2 -> 4.5.2 -> 5.0.x -> 5.4.x -> 6.1.x -> 6.4.x",
      "cost": 350,
      "complexity": "Moyenne"
    }
  },
  {
    "hostname": "host-edge840-40",
    "name": "host-edge840-40",
    "model": "Edge 840",
    "reference": "Edge 840",
    "version": "4.2.2",
    "lifecycle": {
      "urgency": "CRITICAL",
      "status": "Past EoL — aucun support vendeur",
      "eos_date": "2020-09-29",
      "eol_date": "2025-09-29",
      "is_eos": true,
      "is_eol": true
    },
    "measured": {
      "throughput_mbps": 37,
      "tunnels": 30,
      "flows_per_sec": 2000,
      "concurrent_flows": 50000,
      "nat_entries": 100000,
      "sfp_ports": 0,
      "rj45_ports": 4
    },
    "migration": {
      "target_model": "Edge 710",
      "license": "Enterprise",
      "upgrade_path": "4.2.2 -> 4.5.2 -> 5.0.x -> 5.4.x -> 6.1.x -> 6.4.x",
      "cost": 200,
      "complexity": "Moyenne"
    }
  },
  {
    "hostname": "host-edge840-41",
    "name": "host-edge840-41",
    "model": "Edge 840",
    "reference": "Edge 840",
    "version": "4.2.2",
    "lifecycle": {
      "urgency": "CRITICAL",
      "status": "Past EoL — aucun support vendeur",
      "eos_date": "2020-09-29",
      "eol_date": "2025-09-29",
      "is_eos": true,
      "is_eol": true
    },
    "measured": {
      "throughput_mbps": 46,
      "tunnels": 30,
      "flows_per_sec": 2000,
      "concurrent_flows": 50000,
      "nat_entries": 100000,
      "sfp_ports": 0,
      "rj45_ports": 4
    },
    "migration": {
      "target_model": "Edge 710",
      "license": "Enterprise",
      "upgrade_path": "4.2.2 -> 4.5.2 -> 5.0.x -> 5.4.x -> 6.1.x -> 6.4.x",
      "cost": 200,
      "complexity": "Moyenne"
    }
  },
  {
    "hostname": "host-edge840-42",
    "name": "host-edge840-42",
    "model": "Edge 840",
    "reference": "Edge 840",
    "version": "4.2.2",
    "lifecycle": {
      "urgency": "CRITICAL",
      "status": "Past EoL — aucun support vendeur",
      "eos_date": "2020-09-29",
      "eol_date": "2025-09-29",
      "is_eos": true,
      "is_eol": true
    },
    "measured": {
      "throughput_mbps": 40,
      "tunnels": 30,
      "flows_per_sec": 2000,
      "concurrent_flows": 50000,
      "nat_entries": 100000,
      "sfp_ports": 0,
      "rj45_ports": 4
    },
    "migration": {
      "target_model": "Edge 710",
      "license": "Enterprise",
      "upgrade_path": "4.2.2 -> 4.5.2 -> 5.0.x -> 5.4.x -> 6.1.x -> 6.4.x",
      "cost": 200,
      "complexity": "Moyenne"
    }
  },
  {
    "hostname": "host-edge840-43",
    "name": "host-edge840-43",
    "model": "Edge 840",
    "reference": "Edge 840",
    "version": "4.2.2",
    "lifecycle": {
      "urgency": "CRITICAL",
      "status": "Past EoL — aucun support vendeur",
      "eos_date": "2020-09-29",
      "eol_date": "2025-09-29",
      "is_eos": true,
      "is_eol": true
    },
    "measured": {
      "throughput_mbps": 42,
      "tunnels": 30,
      "flows_per_sec": 2000,
      "concurrent_flows": 50000,
      "nat_entries": 100000,
      "sfp_ports": 0,
      "rj45_ports": 4
    },
    "migration": {
      "target_model": "Edge 710",
      "license": "Enterprise",
      "upgrade_path": "4.2.2 -> 4.5.2 -> 5.0.x -> 5.4.x -> 6.1.x -> 6.4.x",
      "cost": 200,
      "complexity": "Moyenne"
    }
  },
  {
    "hostname": "host-edge840-44",
    "name": "host-edge840-44",
    "model": "Edge 840",
    "reference": "Edge 840",
    "version": "4.2.2",
    "lifecycle": {
      "urgency": "CRITICAL",
      "status": "Past EoL — aucun support vendeur",
      "eos_date": "2020-09-29",
      "eol_date": "2025-09-29",
      "is_eos": true,
      "is_eol": true
    },
    "measured": {
      "throughput_mbps": 34,
      "tunnels": 30,
      "flows_per_sec": 2000,
      "concurrent_flows": 50000,
      "nat_entries": 100000,
      "sfp_ports": 1,
      "rj45_ports": 3
    },
    "migration": {
      "target_model": "Edge 710",
      "license": "Enterprise",
      "upgrade_path": "4.2.2 -> 4.5.2 -> 5.0.x -> 5.4.x -> 6.1.x -> 6.4.x",
      "cost": 200,
      "complexity": "Moyenne"
    }
  },
  {
    "hostname": "host-edge840-45",
    "name": "host-edge840-45",
    "model": "Edge 840",
    "reference": "Edge 840",
    "version": "4.2.2",
    "lifecycle": {
      "urgency": "CRITICAL",
      "status": "Past EoL — aucun support vendeur",
      "eos_date": "2020-09-29",
      "eol_date": "2025-09-29",
      "is_eos": true,
      "is_eol": true
    },
    "measured": {
      "throughput_mbps": 48,
      "tunnels": 30,
      "flows_per_sec": 2000,
      "concurrent_flows": 50000,
      "nat_entries": 100000,
      "sfp_ports": 1,
      "rj45_ports": 3
    },
    "migration": {
      "target_model": "Edge 710",
      "license": "Enterprise",
      "upgrade_path": "4.2.2 -> 4.5.2 -> 5.0.x -> 5.4.x -> 6.1.x -> 6.4.x",
      "cost": 200,
      "complexity": "Moyenne"
    }
  },
  {
    "hostname": "host-edge840-46",
    "name": "host-edge840-46",
    "model": "Edge 840",
    "reference": "Edge 840",
    "version": "4.2.2",
    "lifecycle": {
      "urgency": "CRITICAL",
      "status": "Past EoL — aucun support vendeur",
      "eos_date": "2020-09-29",
      "eol_date": "2025-09-29",
      "is_eos": true,
      "is_eol": true
    },
    "measured": {
      "throughput_mbps": 44,
      "tunnels": 30,
      "flows_per_sec": 2000,
      "concurrent_flows": 50000,
      "nat_entries": 100000,
      "sfp_ports": 1,
      "rj45_ports": 3
    },
    "migration": {
      "target_model": "Edge 710",
      "license": "Enterprise",
      "upgrade_path": "4.2.2 -> 4.5.2 -> 5.0.x -> 5.4.x -> 6.1.x -> 6.4.x",
      "cost": 200,
      "complexity": "Moyenne"
    }
  },
  {
    "hostname": "host-edge840-47",
    "name": "host-edge840-47",
    "model": "Edge 840",
    "reference": "Edge 840",
    "version": "4.2.2",
    "lifecycle": {
      "urgency": "CRITICAL",
      "status": "Past EoL — aucun support vendeur",
      "eos_date": "2020-09-29",
      "eol_date": "2025-09-29",
      "is_eos": true,
      "is_eol": true
    },
    "measured": {
      "throughput_mbps": 38,
      "tunnels": 30,
      "flows_per_sec": 2000,
      "concurrent_flows": 50000,
      "nat_entries": 100000,
      "sfp_ports": 1,
      "rj45_ports": 3
    },
    "migration": {
      "target_model": "Edge 710",
      "license": "Enterprise",
      "upgrade_path": "4.2.2 -> 4.5.2 -> 5.0.x -> 5.4.x -> 6.1.x -> 6.4.x",
      "cost": 200,
      "complexity": "Moyenne"
    }
  },
  {
    "hostname": "host-edge840-48",
    "name": "host-edge840-48",
    "model": "Edge 840",
    "reference": "Edge 840",
    "version": "4.2.2",
    "lifecycle": {
      "urgency": "CRITICAL",
      "status": "Past EoL — aucun support vendeur",
      "eos_date": "2020-09-29",
      "eol_date": "2025-09-29",
      "is_eos": true,
      "is_eol": true
    },
    "measured": {
      "throughput_mbps": 36,
      "tunnels": 30,
      "flows_per_sec": 2000,
      "concurrent_flows": 50000,
      "nat_entries": 100000,
      "sfp_ports": 1,
      "rj45_ports": 3
    },
    "migration": {
      "target_model": "Edge 710",
      "license": "Enterprise",
      "upgrade_path": "4.2.2 -> 4.5.2 -> 5.0.x -> 5.4.x -> 6.1.x -> 6.4.x",
      "cost": 200,
      "complexity": "Moyenne"
    }
  },
  {
    "hostname": "host-edge840-49",
    "name": "host-edge840-49",
    "model": "Edge 840",
    "reference": "Edge 840",
    "version": "4.2.2",
    "lifecycle": {
      "urgency": "CRITICAL",
      "status": "Past EoL — aucun support vendeur",
      "eos_date": "2020-09-29",
      "eol_date": "2025-09-29",
      "is_eos": true,
      "is_eol": true
    },
    "measured": {
      "throughput_mbps": 34,
      "tunnels": 30,
      "flows_per_sec": 2000,
      "concurrent_flows": 50000,
      "nat_entries": 100000,
      "sfp_ports": 1,
      "rj45_ports": 3
    },
    "migration": {
      "target_model": "Edge 710",
      "license": "Enterprise",
      "upgrade_path": "4.2.2 -> 4.5.2 -> 5.0.x -> 5.4.x -> 6.1.x -> 6.4.x",
      "cost": 200,
      "complexity": "Moyenne"
    }
  },
  {
    "hostname": "host-edge840-50",
    "name": "host-edge840-50",
    "model": "Edge 840",
    "reference": "Edge 840",
    "version": "4.2.2",
    "lifecycle": {
      "urgency": "CRITICAL",
      "status": "Past EoL — aucun support vendeur",
      "eos_date": "2020-09-29",
      "eol_date": "2025-09-29",
      "is_eos": true,
      "is_eol": true
    },
    "measured": {
      "throughput_mbps": 46,
      "tunnels": 30,
      "flows_per_sec": 2000,
      "concurrent_flows": 50000,
      "nat_entries": 100000,
      "sfp_ports": 1,
      "rj45_ports": 3
    },
    "migration": {
      "target_model": "Edge 710",
      "license": "Enterprise",
      "upgrade_path": "4.2.2 -> 4.5.2 -> 5.0.x -> 5.4.x -> 6.1.x -> 6.4.x",
      "cost": 200,
      "complexity": "Moyenne"
    }
  },
  {
    "hostname": "host-edge840-51",
    "name": "host-edge840-51",
    "model": "Edge 840",
    "reference": "Edge 840",
    "version": "4.2.2",
    "lifecycle": {
      "urgency": "CRITICAL",
      "status": "Past EoL — aucun support vendeur",
      "eos_date": "2020-09-29",
      "eol_date": "2025-09-29",
      "is_eos": true,
      "is_eol": true
    },
    "measured": {
      "throughput_mbps": 40,
      "tunnels": 30,
      "flows_per_sec": 2000,
      "concurrent_flows": 50000,
      "nat_entries": 100000,
      "sfp_ports": 1,
      "rj45_ports": 3
    },
    "migration": {
      "target_model": "Edge 710",
      "license": "Enterprise",
      "upgrade_path": "4.2.2 -> 4.5.2 -> 5.0.x -> 5.4.x -> 6.1.x -> 6.4.x",
      "cost": 200,
      "complexity": "Moyenne"
    }
  },
  {
    "hostname": "host-edge840-52",
    "name": "host-edge840-52",
    "model": "Edge 840",
    "reference": "Edge 840",
    "version": "4.2.2",
    "lifecycle": {
      "urgency": "CRITICAL",
      "status": "Past EoL — aucun support vendeur",
      "eos_date": "2020-09-29",
      "eol_date": "2025-09-29",
      "is_eos": true,
      "is_eol": true
    },
    "measured": {
      "throughput_mbps": 88,
      "tunnels": 30,
      "flows_per_sec": 2000,
      "concurrent_flows": 50000,
      "nat_entries": 100000,
      "sfp_ports": 1,
      "rj45_ports": 3
    },
    "migration": {
      "target_model": "Edge 710",
      "license": "Enterprise",
      "upgrade_path": "4.2.2 -> 4.5.2 -> 5.0.x -> 5.4.x -> 6.1.x -> 6.4.x",
      "cost": 200,
      "complexity": "Moyenne"
    }
  },
  {
    "hostname": "host-edge840-53",
    "name": "host-edge840-53",
    "model": "Edge 840",
    "reference": "Edge 840",
    "version": "4.2.2",
    "lifecycle": {
      "urgency": "CRITICAL",
      "status": "Past EoL — aucun support vendeur",
      "eos_date": "2020-09-29",
      "eol_date": "2025-09-29",
      "is_eos": true,
      "is_eol": true
    },
    "measured": {
      "throughput_mbps": 24,
      "tunnels": 30,
      "flows_per_sec": 2000,
      "concurrent_flows": 50000,
      "nat_entries": 100000,
      "sfp_ports": 2,
      "rj45_ports": 2
    },
    "migration": {
      "target_model": "Edge 720",
      "license": "Enterprise",
      "upgrade_path": "4.2.2 -> 4.5.2 -> 5.0.x -> 5.4.x -> 6.1.x -> 6.4.x",
      "cost": 350,
      "complexity": "Moyenne"
    }
  },
  {
    "hostname": "host-edge840-54",
    "name": "host-edge840-54",
    "model": "Edge 840",
    "reference": "Edge 840",
    "version": "4.2.2",
    "lifecycle": {
      "urgency": "CRITICAL",
      "status": "Past EoL — aucun support vendeur",
      "eos_date": "2020-09-29",
      "eol_date": "2025-09-29",
      "is_eos": true,
      "is_eol": true
    },
    "measured": {
      "throughput_mbps": 22,
      "tunnels": 30,
      "flows_per_sec": 2000,
      "concurrent_flows": 50000,
      "nat_entries": 100000,
      "sfp_ports": 2,
      "rj45_ports": 2
    },
    "migration": {
      "target_model": "Edge 720",
      "license": "Enterprise",
      "upgrade_path": "4.2.2 -> 4.5.2 -> 5.0.x -> 5.4.x -> 6.1.x -> 6.4.x",
      "cost": 350,
      "complexity": "Moyenne"
    }
  },
  {
    "hostname": "host-edge840-55",
    "name": "host-edge840-55",
    "model": "Edge 840",
    "reference": "Edge 840",
    "version": "4.2.2",
    "lifecycle": {
      "urgency": "CRITICAL",
      "status": "Past EoL — aucun support vendeur",
      "eos_date": "2020-09-29",
      "eol_date": "2025-09-29",
      "is_eos": true,
      "is_eol": true
    },
    "measured": {
      "throughput_mbps": 13,
      "tunnels": 30,
      "flows_per_sec": 2000,
      "concurrent_flows": 50000,
      "nat_entries": 100000,
      "sfp_ports": 1,
      "rj45_ports": 3
    },
    "migration": {
      "target_model": "Edge 710",
      "license": "Enterprise",
      "upgrade_path": "4.2.2 -> 4.5.2 -> 5.0.x -> 5.4.x -> 6.1.x -> 6.4.x",
      "cost": 200,
      "complexity": "Moyenne"
    }
  },
  {
    "hostname": "host-edge840-56",
    "name": "host-edge840-56",
    "model": "Edge 840",
    "reference": "Edge 840",
    "version": "4.2.2",
    "lifecycle": {
      "urgency": "CRITICAL",
      "status": "Past EoL — aucun support vendeur",
      "eos_date": "2020-09-29",
      "eol_date": "2025-09-29",
      "is_eos": true,
      "is_eol": true
    },
    "measured": {
      "throughput_mbps": 15,
      "tunnels": 30,
      "flows_per_sec": 2000,
      "concurrent_flows": 50000,
      "nat_entries": 100000,
      "sfp_ports": 1,
      "rj45_ports": 3
    },
    "migration": {
      "target_model": "Edge 710",
      "license": "Enterprise",
      "upgrade_path": "4.2.2 -> 4.5.2 -> 5.0.x -> 5.4.x -> 6.1.x -> 6.4.x",
      "cost": 200,
      "complexity": "Moyenne"
    }
  },
  {
    "hostname": "host-edge840-57",
    "name": "host-edge840-57",
    "model": "Edge 840",
    "reference": "Edge 840",
    "version": "4.2.2",
    "lifecycle": {
      "urgency": "CRITICAL",
      "status": "Past EoL — aucun support vendeur",
      "eos_date": "2020-09-29",
      "eol_date": "2025-09-29",
      "is_eos": true,
      "is_eol": true
    },
    "measured": {
      "throughput_mbps": 19,
      "tunnels": 30,
      "flows_per_sec": 2000,
      "concurrent_flows": 50000,
      "nat_entries": 100000,
      "sfp_ports": 1,
      "rj45_ports": 3
    },
    "migration": {
      "target_model": "Edge 710",
      "license": "Enterprise",
      "upgrade_path": "4.2.2 -> 4.5.2 -> 5.0.x -> 5.4.x -> 6.1.x -> 6.4.x",
      "cost": 200,
      "complexity": "Moyenne"
    }
  },
  {
    "hostname": "host-edge840-58",
    "name": "host-edge840-58",
    "model": "Edge 840",
    "reference": "Edge 840",
    "version": "4.2.2",
    "lifecycle": {
      "urgency": "CRITICAL",
      "status": "Past EoL — aucun support vendeur",
      "eos_date": "2020-09-29",
      "eol_date": "2025-09-29",
      "is_eos": true,
      "is_eol": true
    },
    "measured": {
      "throughput_mbps": 26,
      "tunnels": 30,
      "flows_per_sec": 2000,
      "concurrent_flows": 50000,
      "nat_entries": 100000,
      "sfp_ports": 0,
      "rj45_ports": 4
    },
    "migration": {
      "target_model": "Edge 710",
      "license": "Enterprise",
      "upgrade_path": "4.2.2 -> 4.5.2 -> 5.0.x -> 5.4.x -> 6.1.x -> 6.4.x",
      "cost": 200,
      "complexity": "Moyenne"
    }
  },
  {
    "hostname": "host-edge840-59",
    "name": "host-edge840-59",
    "model": "Edge 840",
    "reference": "Edge 840",
    "version": "4.2.2",
    "lifecycle": {
      "urgency": "CRITICAL",
      "status": "Past EoL — aucun support vendeur",
      "eos_date": "2020-09-29",
      "eol_date": "2025-09-29",
      "is_eos": true,
      "is_eol": true
    },
    "measured": {
      "throughput_mbps": 27,
      "tunnels": 30,
      "flows_per_sec": 2000,
      "concurrent_flows": 50000,
      "nat_entries": 100000,
      "sfp_ports": 0,
      "rj45_ports": 4
    },
    "migration": {
      "target_model": "Edge 710",
      "license": "Enterprise",
      "upgrade_path": "4.2.2 -> 4.5.2 -> 5.0.x -> 5.4.x -> 6.1.x -> 6.4.x",
      "cost": 200,
      "complexity": "Moyenne"
    }
  },
  {
    "hostname": "host-edge840-60",
    "name": "host-edge840-60",
    "model": "Edge 840",
    "reference": "Edge 840",
    "version": "4.2.2",
    "lifecycle": {
      "urgency": "CRITICAL",
      "status": "Past EoL — aucun support vendeur",
      "eos_date": "2020-09-29",
      "eol_date": "2025-09-29",
      "is_eos": true,
      "is_eol": true
    },
    "measured": {
      "throughput_mbps": 20,
      "tunnels": 30,
      "flows_per_sec": 2000,
      "concurrent_flows": 50000,
      "nat_entries": 100000,
      "sfp_ports": 0,
      "rj45_ports": 4
    },
    "migration": {
      "target_model": "Edge 710",
      "license": "Enterprise",
      "upgrade_path": "4.2.2 -> 4.5.2 -> 5.0.x -> 5.4.x -> 6.1.x -> 6.4.x",
      "cost": 200,
      "complexity": "Moyenne"
    }
  },
  {
    "hostname": "host-edge840-61",
    "name": "host-edge840-61",
    "model": "Edge 840",
    "reference": "Edge 840",
    "version": "4.2.2",
    "lifecycle": {
      "urgency": "CRITICAL",
      "status": "Past EoL — aucun support vendeur",
      "eos_date": "2020-09-29",
      "eol_date": "2025-09-29",
      "is_eos": true,
      "is_eol": true
    },
    "measured": {
      "throughput_mbps": 12,
      "tunnels": 30,
      "flows_per_sec": 2000,
      "concurrent_flows": 50000,
      "nat_entries": 100000,
      "sfp_ports": 0,
      "rj45_ports": 4
    },
    "migration": {
      "target_model": "Edge 710",
      "license": "Enterprise",
      "upgrade_path": "4.2.2 -> 4.5.2 -> 5.0.x -> 5.4.x -> 6.1.x -> 6.4.x",
      "cost": 200,
      "complexity": "Moyenne"
    }
  },
  {
    "hostname": "host-edge840-62",
    "name": "host-edge840-62",
    "model": "Edge 840",
    "reference": "Edge 840",
    "version": "4.2.2",
    "lifecycle": {
      "urgency": "CRITICAL",
      "status": "Past EoL — aucun support vendeur",
      "eos_date": "2020-09-29",
      "eol_date": "2025-09-29",
      "is_eos": true,
      "is_eol": true
    },
    "measured": {
      "throughput_mbps": 18,
      "tunnels": 30,
      "flows_per_sec": 2000,
      "concurrent_flows": 50000,
      "nat_entries": 100000,
      "sfp_ports": 1,
      "rj45_ports": 3
    },
    "migration": {
      "target_model": "Edge 710",
      "license": "Enterprise",
      "upgrade_path": "4.2.2 -> 4.5.2 -> 5.0.x -> 5.4.x -> 6.1.x -> 6.4.x",
      "cost": 200,
      "complexity": "Moyenne"
    }
  },
  {
    "hostname": "host-edge840-63",
    "name": "host-edge840-63",
    "model": "Edge 840",
    "reference": "Edge 840",
    "version": "4.2.2",
    "lifecycle": {
      "urgency": "CRITICAL",
      "status": "Past EoL — aucun support vendeur",
      "eos_date": "2020-09-29",
      "eol_date": "2025-09-29",
      "is_eos": true,
      "is_eol": true
    },
    "measured": {
      "throughput_mbps": 15,
      "tunnels": 30,
      "flows_per_sec": 2000,
      "concurrent_flows": 50000,
      "nat_entries": 100000,
      "sfp_ports": 1,
      "rj45_ports": 3
    },
    "migration": {
      "target_model": "Edge 710",
      "license": "Enterprise",
      "upgrade_path": "4.2.2 -> 4.5.2 -> 5.0.x -> 5.4.x -> 6.1.x -> 6.4.x",
      "cost": 200,
      "complexity": "Moyenne"
    }
  },
  {
    "hostname": "host-edge840-64",
    "name": "host-edge840-64",
    "model": "Edge 840",
    "reference": "Edge 840",
    "version": "4.2.2",
    "lifecycle": {
      "urgency": "CRITICAL",
      "status": "Past EoL — aucun support vendeur",
      "eos_date": "2020-09-29",
      "eol_date": "2025-09-29",
      "is_eos": true,
      "is_eol": true
    },
    "measured": {
      "throughput_mbps": 16,
      "tunnels": 30,
      "flows_per_sec": 2000,
      "concurrent_flows": 50000,
      "nat_entries": 100000,
      "sfp_ports": 1,
      "rj45_ports": 3
    },
    "migration": {
      "target_model": "Edge 710",
      "license": "Enterprise",
      "upgrade_path": "4.2.2 -> 4.5.2 -> 5.0.x -> 5.4.x -> 6.1.x -> 6.4.x",
      "cost": 200,
      "complexity": "Moyenne"
    }
  },
  {
    "hostname": "host-edge840-65",
    "name": "host-edge840-65",
    "model": "Edge 840",
    "reference": "Edge 840",
    "version": "4.2.2",
    "lifecycle": {
      "urgency": "CRITICAL",
      "status": "Past EoL — aucun support vendeur",
      "eos_date": "2020-09-29",
      "eol_date": "2025-09-29",
      "is_eos": true,
      "is_eol": true
    },
    "measured": {
      "throughput_mbps": 6,
      "tunnels": 30,
      "flows_per_sec": 2000,
      "concurrent_flows": 50000,
      "nat_entries": 100000,
      "sfp_ports": 1,
      "rj45_ports": 3
    },
    "migration": {
      "target_model": "Edge 710",
      "license": "Enterprise",
      "upgrade_path": "4.2.2 -> 4.5.2 -> 5.0.x -> 5.4.x -> 6.1.x -> 6.4.x",
      "cost": 200,
      "complexity": "Moyenne"
    }
  },
  {
    "hostname": "host-edge840-66",
    "name": "host-edge840-66",
    "model": "Edge 840",
    "reference": "Edge 840",
    "version": "4.2.2",
    "lifecycle": {
      "urgency": "CRITICAL",
      "status": "Past EoL — aucun support vendeur",
      "eos_date": "2020-09-29",
      "eol_date": "2025-09-29",
      "is_eos": true,
      "is_eol": true
    },
    "measured": {
      "throughput_mbps": 4,
      "tunnels": 30,
      "flows_per_sec": 2000,
      "concurrent_flows": 50000,
      "nat_entries": 100000,
      "sfp_ports": 1,
      "rj45_ports": 3
    },
    "migration": {
      "target_model": "Edge 710",
      "license": "Enterprise",
      "upgrade_path": "4.2.2 -> 4.5.2 -> 5.0.x -> 5.4.x -> 6.1.x -> 6.4.x",
      "cost": 200,
      "complexity": "Moyenne"
    }
  },
  {
    "hostname": "host-edge840-67",
    "name": "host-edge840-67",
    "model": "Edge 840",
    "reference": "Edge 840",
    "version": "4.2.2",
    "lifecycle": {
      "urgency": "CRITICAL",
      "status": "Past EoL — aucun support vendeur",
      "eos_date": "2020-09-29",
      "eol_date": "2025-09-29",
      "is_eos": true,
      "is_eol": true
    },
    "measured": {
      "throughput_mbps": 8,
      "tunnels": 30,
      "flows_per_sec": 2000,
      "concurrent_flows": 50000,
      "nat_entries": 100000,
      "sfp_ports": 0,
      "rj45_ports": 4
    },
    "migration": {
      "target_model": "Edge 710",
      "license": "Enterprise",
      "upgrade_path": "4.2.2 -> 4.5.2 -> 5.0.x -> 5.4.x -> 6.1.x -> 6.4.x",
      "cost": 200,
      "complexity": "Moyenne"
    }
  },
  {
    "hostname": "host-edge840-68",
    "name": "host-edge840-68",
    "model": "Edge 840",
    "reference": "Edge 840",
    "version": "4.2.2",
    "lifecycle": {
      "urgency": "CRITICAL",
      "status": "Past EoL — aucun support vendeur",
      "eos_date": "2020-09-29",
      "eol_date": "2025-09-29",
      "is_eos": true,
      "is_eol": true
    },
    "measured": {
      "throughput_mbps": 7,
      "tunnels": 30,
      "flows_per_sec": 2000,
      "concurrent_flows": 50000,
      "nat_entries": 100000,
      "sfp_ports": 0,
      "rj45_ports": 4
    },
    "migration": {
      "target_model": "Edge 710",
      "license": "Enterprise",
      "upgrade_path": "4.2.2 -> 4.5.2 -> 5.0.x -> 5.4.x -> 6.1.x -> 6.4.x",
      "cost": 200,
      "complexity": "Moyenne"
    }
  },
  {
    "hostname": "host-edge840-69",
    "name": "host-edge840-69",
    "model": "Edge 840",
    "reference": "Edge 840",
    "version": "4.2.2",
    "lifecycle": {
      "urgency": "CRITICAL",
      "status": "Past EoL — aucun support vendeur",
      "eos_date": "2020-09-29",
      "eol_date": "2025-09-29",
      "is_eos": true,
      "is_eol": true
    },
    "measured": {
      "throughput_mbps": 6,
      "tunnels": 30,
      "flows_per_sec": 2000,
      "concurrent_flows": 50000,
      "nat_entries": 100000,
      "sfp_ports": 0,
      "rj45_ports": 4
    },
    "migration": {
      "target_model": "Edge 710",
      "license": "Enterprise",
      "upgrade_path": "4.2.2 -> 4.5.2 -> 5.0.x -> 5.4.x -> 6.1.x -> 6.4.x",
      "cost": 200,
      "complexity": "Moyenne"
    }
  },
  {
    "hostname": "host-edge840-70",
    "name": "host-edge840-70",
    "model": "Edge 840",
    "reference": "Edge 840",
    "version": "4.2.2",
    "lifecycle": {
      "urgency": "CRITICAL",
      "status": "Past EoL — aucun support vendeur",
      "eos_date": "2020-09-29",
      "eol_date": "2025-09-29",
      "is_eos": true,
      "is_eol": true
    },
    "measured": {
      "throughput_mbps": 6,
      "tunnels": 30,
      "flows_per_sec": 2000,
      "concurrent_flows": 50000,
      "nat_entries": 100000,
      "sfp_ports": 0,
      "rj45_ports": 4
    },
    "migration": {
      "target_model": "Edge 710",
      "license": "Enterprise",
      "upgrade_path": "4.2.2 -> 4.5.2 -> 5.0.x -> 5.4.x -> 6.1.x -> 6.4.x",
      "cost": 200,
      "complexity": "Moyenne"
    }
  },
  {
    "hostname": "host-edge840-71",
    "name": "host-edge840-71",
    "model": "Edge 840",
    "reference": "Edge 840",
    "version": "4.2.2",
    "lifecycle": {
      "urgency": "CRITICAL",
      "status": "Past EoL — aucun support vendeur",
      "eos_date": "2020-09-29",
      "eol_date": "2025-09-29",
      "is_eos": true,
      "is_eol": true
    },
    "measured": {
      "throughput_mbps": 2,
      "tunnels": 30,
      "flows_per_sec": 2000,
      "concurrent_flows": 50000,
      "nat_entries": 100000,
      "sfp_ports": 1,
      "rj45_ports": 3
    },
    "migration": {
      "target_model": "Edge 710",
      "license": "Enterprise",
      "upgrade_path": "4.2.2 -> 4.5.2 -> 5.0.x -> 5.4.x -> 6.1.x -> 6.4.x",
      "cost": 200,
      "complexity": "Moyenne"
    }
  },
  {
    "hostname": "host-edge840-72",
    "name": "host-edge840-72",
    "model": "Edge 840",
    "reference": "Edge 840",
    "version": "4.2.2",
    "lifecycle": {
      "urgency": "CRITICAL",
      "status": "Past EoL — aucun support vendeur",
      "eos_date": "2020-09-29",
      "eol_date": "2025-09-29",
      "is_eos": true,
      "is_eol": true
    },
    "measured": {
      "throughput_mbps": 5,
      "tunnels": 30,
      "flows_per_sec": 2000,
      "concurrent_flows": 50000,
      "nat_entries": 100000,
      "sfp_ports": 1,
      "rj45_ports": 3
    },
    "migration": {
      "target_model": "Edge 710",
      "license": "Enterprise",
      "upgrade_path": "4.2.2 -> 4.5.2 -> 5.0.x -> 5.4.x -> 6.1.x -> 6.4.x",
      "cost": 200,
      "complexity": "Moyenne"
    }
  },
  {
    "hostname": "host-edge840-73",
    "name": "host-edge840-73",
    "model": "Edge 840",
    "reference": "Edge 840",
    "version": "4.2.2",
    "lifecycle": {
      "urgency": "CRITICAL",
      "status": "Past EoL — aucun support vendeur",
      "eos_date": "2020-09-29",
      "eol_date": "2025-09-29",
      "is_eos": true,
      "is_eol": true
    },
    "measured": {
      "throughput_mbps": 7,
      "tunnels": 30,
      "flows_per_sec": 2000,
      "concurrent_flows": 50000,
      "nat_entries": 100000,
      "sfp_ports": 1,
      "rj45_ports": 3
    },
    "migration": {
      "target_model": "Edge 710",
      "license": "Enterprise",
      "upgrade_path": "4.2.2 -> 4.5.2 -> 5.0.x -> 5.4.x -> 6.1.x -> 6.4.x",
      "cost": 200,
      "complexity": "Moyenne"
    }
  },
  {
    "hostname": "host-edge840-74",
    "name": "host-edge840-74",
    "model": "Edge 840",
    "reference": "Edge 840",
    "version": "4.2.2",
    "lifecycle": {
      "urgency": "CRITICAL",
      "status": "Past EoL — aucun support vendeur",
      "eos_date": "2020-09-29",
      "eol_date": "2025-09-29",
      "is_eos": true,
      "is_eol": true
    },
    "measured": {
      "throughput_mbps": 6,
      "tunnels": 30,
      "flows_per_sec": 2000,
      "concurrent_flows": 50000,
      "nat_entries": 100000,
      "sfp_ports": 0,
      "rj45_ports": 4
    },
    "migration": {
      "target_model": "Edge 710",
      "license": "Enterprise",
      "upgrade_path": "4.2.2 -> 4.5.2 -> 5.0.x -> 5.4.x -> 6.1.x -> 6.4.x",
      "cost": 200,
      "complexity": "Moyenne"
    }
  },
  {
    "hostname": "host-edge840-75",
    "name": "host-edge840-75",
    "model": "Edge 840",
    "reference": "Edge 840",
    "version": "4.2.2",
    "lifecycle": {
      "urgency": "CRITICAL",
      "status": "Past EoL — aucun support vendeur",
      "eos_date": "2020-09-29",
      "eol_date": "2025-09-29",
      "is_eos": true,
      "is_eol": true
    },
    "measured": {
      "throughput_mbps": 4,
      "tunnels": 30,
      "flows_per_sec": 2000,
      "concurrent_flows": 50000,
      "nat_entries": 100000,
      "sfp_ports": 0,
      "rj45_ports": 4
    },
    "migration": {
      "target_model": "Edge 710",
      "license": "Enterprise",
      "upgrade_path": "4.2.2 -> 4.5.2 -> 5.0.x -> 5.4.x -> 6.1.x -> 6.4.x",
      "cost": 200,
      "complexity": "Moyenne"
    }
  },
  {
    "hostname": "host-edge840-76",
    "name": "host-edge840-76",
    "model": "Edge 840",
    "reference": "Edge 840",
    "version": "4.2.2",
    "lifecycle": {
      "urgency": "CRITICAL",
      "status": "Past EoL — aucun support vendeur",
      "eos_date": "2020-09-29",
      "eol_date": "2025-09-29",
      "is_eos": true,
      "is_eol": true
    },
    "measured": {
      "throughput_mbps": 2,
      "tunnels": 30,
      "flows_per_sec": 2000,
      "concurrent_flows": 50000,
      "nat_entries": 100000,
      "sfp_ports": 0,
      "rj45_ports": 4
    },
    "migration": {
      "target_model": "Edge 710",
      "license": "Enterprise",
      "upgrade_path": "4.2.2 -> 4.5.2 -> 5.0.x -> 5.4.x -> 6.1.x -> 6.4.x",
      "cost": 200,
      "complexity": "Moyenne"
    }
  },
  {
    "hostname": "host-edge840-77",
    "name": "host-edge840-77",
    "model": "Edge 840",
    "reference": "Edge 840",
    "version": "4.2.2",
    "lifecycle": {
      "urgency": "CRITICAL",
      "status": "Past EoL — aucun support vendeur",
      "eos_date": "2020-09-29",
      "eol_date": "2025-09-29",
      "is_eos": true,
      "is_eol": true
    },
    "measured": {
      "throughput_mbps": 3,
      "tunnels": 30,
      "flows_per_sec": 2000,
      "concurrent_flows": 50000,
      "nat_entries": 100000,
      "sfp_ports": 0,
      "rj45_ports": 4
    },
    "migration": {
      "target_model": "Edge 710",
      "license": "Enterprise",
      "upgrade_path": "4.2.2 -> 4.5.2 -> 5.0.x -> 5.4.x -> 6.1.x -> 6.4.x",
      "cost": 200,
      "complexity": "Moyenne"
    }
  },
  {
    "hostname": "host-edge840-78",
    "name": "host-edge840-78",
    "model": "Edge 840",
    "reference": "Edge 840",
    "version": "4.2.2",
    "lifecycle": {
      "urgency": "CRITICAL",
      "status": "Past EoL — aucun support vendeur",
      "eos_date": "2020-09-29",
      "eol_date": "2025-09-29",
      "is_eos": true,
      "is_eol": true
    },
    "measured": {
      "throughput_mbps": 3,
      "tunnels": 30,
      "flows_per_sec": 2000,
      "concurrent_flows": 50000,
      "nat_entries": 100000,
      "sfp_ports": 1,
      "rj45_ports": 3
    },
    "migration": {
      "target_model": "Edge 710",
      "license": "Enterprise",
      "upgrade_path": "4.2.2 -> 4.5.2 -> 5.0.x -> 5.4.x -> 6.1.x -> 6.4.x",
      "cost": 200,
      "complexity": "Moyenne"
    }
  },
  {
    "hostname": "host-edge840-79",
    "name": "host-edge840-79",
    "model": "Edge 840",
    "reference": "Edge 840",
    "version": "4.2.2",
    "lifecycle": {
      "urgency": "CRITICAL",
      "status": "Past EoL — aucun support vendeur",
      "eos_date": "2020-09-29",
      "eol_date": "2025-09-29",
      "is_eos": true,
      "is_eol": true
    },
    "measured": {
      "throughput_mbps": 7,
      "tunnels": 30,
      "flows_per_sec": 2000,
      "concurrent_flows": 50000,
      "nat_entries": 100000,
      "sfp_ports": 1,
      "rj45_ports": 3
    },
    "migration": {
      "target_model": "Edge 710",
      "license": "Enterprise",
      "upgrade_path": "4.2.2 -> 4.5.2 -> 5.0.x -> 5.4.x -> 6.1.x -> 6.4.x",
      "cost": 200,
      "complexity": "Moyenne"
    }
  },
  {
    "hostname": "host-edge840-80",
    "name": "host-edge840-80",
    "model": "Edge 840",
    "reference": "Edge 840",
    "version": "4.2.2",
    "lifecycle": {
      "urgency": "CRITICAL",
      "status": "Past EoL — aucun support vendeur",
      "eos_date": "2020-09-29",
      "eol_date": "2025-09-29",
      "is_eos": true,
      "is_eol": true
    },
    "measured": {
      "throughput_mbps": 4,
      "tunnels": 30,
      "flows_per_sec": 2000,
      "concurrent_flows": 50000,
      "nat_entries": 100000,
      "sfp_ports": 1,
      "rj45_ports": 3
    },
    "migration": {
      "target_model": "Edge 710",
      "license": "Enterprise",
      "upgrade_path": "4.2.2 -> 4.5.2 -> 5.0.x -> 5.4.x -> 6.1.x -> 6.4.x",
      "cost": 200,
      "complexity": "Moyenne"
    }
  }
]