{
  "fleet_summary": {
    "total_devices": 90,
    "current_models": {
      "Edge 680": 10,
      "Edge 840": 80
    },
    "versions": {
      "5.0.0": 10,
      "4.2.2": 80
    }
  },
  "lifecycle_summary": {
    "urgency_distribution": {
      "HIGH": 10,
      "CRITICAL": 80
    },
    "details": [
      {
        "modele": "Edge 500",
        "date_fin_vente": "2016-12-10",
        "date_fin_support": "2021-12-10",
        "urgence": "CRITICAL",
        "statut": "Past EoL — aucun support vendeur",
        "remplacement_recommande": "Edge 710"
      },
      {
        "modele": "Edge 510",
        "date_fin_vente": "2024-08-01",
        "date_fin_support": "2029-08-01",
        "urgence": "HIGH",
        "statut": "EoS atteint — planifier remplacement",
        "remplacement_recommande": "Edge 710"
      },
      {
        "modele": "Edge 520",
        "date_fin_vente": "2021-03-25",
        "date_fin_support": "2027-03-25",
        "urgence": "HIGH",
        "statut": "EoS atteint — planifier remplacement",
        "remplacement_recommande": "Edge 710"
      },
      {
        "modele": "Edge 520v",
        "date_fin_vente": "2021-03-25",
        "date_fin_support": "2027-03-25",
        "urgence": "HIGH",
        "statut": "EoS atteint — planifier remplacement",
        "remplacement_recommande": "Edge 720"
      },
      {
        "modele": "Edge 540",
        "date_fin_vente": "2021-03-25",
        "date_fin_support": "2027-03-25",
        "urgence": "HIGH",
        "statut": "EoS atteint — planifier remplacement",
        "remplacement_recommande": "Edge 720"
      },
      {
        "modele": "Edge 610",
        "date_fin_vente": "2024-08-01",
        "date_fin_support": "2029-08-01",
        "urgence": "HIGH",
        "statut": "EoS atteint — planifier remplacement",
        "remplacement_recommande": "Edge 710"
      },
      {
        "modele": "Edge 620",
        "date_fin_vente": "2025-04-01",
        "date_fin_support": "2030-04-01",
        "urgence": "HIGH",
        "statut": "EoS atteint — planifier remplacement",
        "remplacement_recommande": "Edge 720"
      },
      {
        "modele": "Edge 640",
        "date_fin_vente": "2022-07-29",
        "date_fin_support": "2027-07-29",
        "urgence": "HIGH",
        "statut": "EoS atteint — planifier remplacement",
        "remplacement_recommande": "Edge 740"
      },
      {
        "modele": "Edge 680",
        "date_fin_vente": "2022-07-29",
        "date_fin_support": "2027-07-29",
        "urgence": "HIGH",
        "statut": "EoS atteint — planifier remplacement",
        "remplacement_recommande": "Edge 740"
      },
      {
        "modele": "Edge 840",
        "date_fin_vente": "2020-09-29",
        "date_fin_support": "2025-09-29",
        "urgence": "CRITICAL",
        "statut": "Past EoL — aucun support vendeur",
        "remplacement_recommande": "Edge 740"
      },
      {
        "modele": "Edge 1000",
        "date_fin_vente": "2017-07-16",
        "date_fin_support": "2022-07-16",
        "urgence": "CRITICAL",
        "statut": "Past EoL — aucun support vendeur",
        "remplacement_recommande": "Edge 740"
      },
      {
        "modele": "Edge 2000",
        "date_fin_vente": "2020-08-17",
        "date_fin_support": "2025-08-17",
        "urgence": "CRITICAL",
        "statut": "Past EoL — aucun support vendeur",
        "remplacement_recommande": "Edge 740"
      }
    ]
  },
  "migration_summary": {
    "target_models": {
      "Edge 710": 71,
      "Edge 720": 15,
      "Edge 740": 4
    },
    "total_cost_optimized": 22250,
    "total_cost_baseline_all_740": 63000,
    "savings": 40750,
    "savings_percent": 65,
    "complexity_distribution": {
      "Faible": 5,
      "Moyenne": 81,
      "Elevee": 4
    }
  },
  "reference_data": {
    "edge_7x0_specs": [
      {
        "modele": "Edge 710",
        "debit_max_imix_mbps": 395,
        "debit_max_1300b_mbps": 950,
        "debit_max_firewall_mbps": 280,
        "max_tunnels": 50,
        "flows_par_seconde": 4000,
        "max_flux_concurrents": 225000,
        "max_flux_concurrents_firewall": 110000,
        "max_entrees_nat": 225000,
        "nb_ports_sfp": 1,
        "type_sfp": "1G SFP",
        "nb_ports_rj45": 4,
        "vitesse_rj45": "1G",
        "ram_go": 4,
        "tiers_bande_passante": "10M,30M,50M,100M,200M,500M"
      },
      {
        "modele": "Edge 720",
        "debit_max_imix_mbps": 2300,
        "debit_max_1300b_mbps": 5200,
        "debit_max_firewall_mbps": 1200,
        "max_tunnels": 400,
        "flows_par_seconde": 18000,
        "max_flux_concurrents": 440000,
        "max_flux_concurrents_firewall": 220000,
        "max_entrees_nat": 440000,
        "nb_ports_sfp": 2,
        "type_sfp": "1G/10G SFP+",
        "nb_ports_rj45": 6,
        "vitesse_rj45": "2.5G",
        "ram_go": 8,
        "tiers_bande_passante": "10M,30M,50M,100M,200M,500M,1G,2G,10G"
      },
      {
        "modele": "Edge 740",
        "debit_max_imix_mbps": 3500,
        "debit_max_1300b_mbps": 7200,
        "debit_max_firewall_mbps": 2000,
        "max_tunnels": 800,
        "flows_par_seconde": 26000,
        "max_flux_concurrents": 900000,
        "max_flux_concurrents_firewall": 450000,
        "max_entrees_nat": 900000,
        "nb_ports_sfp": 2,
        "type_sfp": "1G/10G SFP+",
        "nb_ports_rj45": 6,
        "vitesse_rj45": "2.5G",
        "ram_go": 16,
        "tiers_bande_passante": "100M,200M,500M,1G,2G,10G"
      }
    ],
    "upgrade_paths": [
      {
        "version_source": "4.2.2",
        "version_cible": "6.4.x",
        "etapes": "4.2.2 → 4.5.2 → 5.0.x → 5.4.x → 6.1.x → 6.4.x",
        "notes_ordre": "Ordre obligatoire : VCO d'abord, puis Gateways, puis Edges par batch"
      },
      {
        "version_source": "4.5.2",
        "version_cible": "6.4.x",
        "etapes": "4.5.2 → 5.0.x → 5.4.x → 6.1.x → 6.4.x",
        "notes_ordre": "Ordre obligatoire : VCO d'abord, puis Gateways, puis Edges par batch"
      },
      {
        "version_source": "5.0.0",
        "version_cible": "6.4.x",
        "etapes": "5.0.x → 5.4.x → 6.1.x → 6.4.x",
        "notes_ordre": "Ordre obligatoire : VCO d'abord, puis Gateways, puis Edges par batch"
      },
      {
        "version_source": "5.4.x",
        "version_cible": "6.4.x",
        "etapes": "5.4.x → 6.1.x → 6.4.x",
        "notes_ordre": "Ordre obligatoire : VCO d'abord, puis Gateways, puis Edges par batch"
      },
      {
        "version_source": "6.1.x",
        "version_cible": "6.4.x",
        "etapes": "6.1.x → 6.4.x",
        "notes_ordre": "Upgrade direct possible. VCO d'abord, puis Gateways, puis Edges"
      }
    ],
    "catalogue": [
      {
        "id_modele": "Edge 710",
        "type_produit": "Materiel",
        "cout_relatif": 100,
        "debit_max_mbps": 350,
        "nb_ports_sfp_max": 1,
        "description_fr": "Entrée de gamme. Idéal petits sites. Attention: 1 seule fibre possible."
      },
      {
        "id_modele": "Edge 720",
        "type_produit": "Materiel",
        "cout_relatif": 250,
        "debit_max_mbps": 1000,
        "nb_ports_sfp_max": 2,
        "description_fr": "Milieu de gamme. Polyvalent. Supporte 2 fibres."
      },
      {
        "id_modele": "Edge 740",
        "type_produit": "Materiel",
        "cout_relatif": 600,
        "debit_max_mbps": 2500,
        "nb_ports_sfp_max": 2,
        "description_fr": "Haut de gamme. Très puissant. Pour les gros sites."
      },
      {
        "id_modele": "Licence Standard",
        "type_produit": "Licence",
        "cout_relatif": 50,
        "debit_max_mbps": 99999,
        "nb_ports_sfp_max": 99,
        "description_fr": "Connectivité de base uniquement."
      },
      {
        "id_modele": "Licence Enterprise",
        "type_produit": "Licence",
        "cout_relatif": 100,
        "debit_max_mbps": 99999,
        "nb_ports_sfp_max": 99,
        "description_fr": "Optimisation des applications."
      },
      {
        "id_modele": "Licence Premium",
        "type_produit": "Licence",
        "cout_relatif": 150,
        "debit_max_mbps": 99999,
        "nb_ports_sfp_max": 99,
        "description_fr": "Sécurité Avancée (Requis pour Firewall)."
      }
    ]
  }
}